55,"data:image/jpeg;base64,/9j/4AAQSkZJRgABAQAAAQABAAD/2wCEAAkGBxMTEhUTExIWFRUXFRgaGBgXGBgaGBUYFxgYFhgXGBcYHSggGBolHRgWITEhJSkrLi4uFx8zODMtNygtLisBCgoKDg0OGhAQGy0lICUtLS0vLS0tLS0tLS0tLS0tLS0tLS0tLS0tLS0vLS0tLS0tLS0tLS0tLS0tLS0tLS0tLf/AABEIAKgBLAMBIgACEQEDEQH/xAAbAAACAwEBAQAAAAAAAAAAAAADBAECBQAGB//EADsQAAEDAgUBBgUDAwIGAwAAAAEAAhEDIQQSMUFRYQUicYGRoROxwdHwMkLhFGLxFVIGIzNygpKiwtL/xAAZAQADAQEBAAAAAAAAAAAAAAABAgMABAX/xAAoEQACAgICAQMEAgMAAAAAAAAAAQIREiEDMUETIlFxgdHwBGEU4fH/2gAMAwEAAhEDEQA/APjjmiNbzp05lDKKhkqohwUqFIRMS1EVGqwCYVhGojSow1BzyGtEk6BWc3pHyO2+t0RCzUVqG0I9JoO2x36G9/ksBh8OwHNJiGyOpkW9CT5KQqjQBGo0idNBr8kyJhKbfzqjZosoDbK9BgMzr801CthKLRO9xaBNzoiMHyVqNMW8ftstfs3szOQHHJcA+G5VIxJTmkZYaLRI5vMnpAsjVMPAaQZzAWi8kkEdYgevRauL7FLHQ0hwmxB1tO+iD/pzg0ucIT4k/UT6Zlsok2AmPvH1VHMK1KFPKZaYOxm/qr08KDcoYB9SjFqU0u8L0NTBAR58G2kJbEYBpEjn8+SVwGjyowi1DIWhiqA2S7QIILZPMmdIA4ibpGiykJOCGQmi2yXe1K0MgDkJxR3CwUYaiHPDSYmwPXb3geaUZMUcEFwTVamQSDsYPQpZyDHTAlVciwqkJaGsCoKsVUhAYJhn6tOjxB8dQfX5pNzYRipxQnvc/NJJDIWUqFyVDD7lUtMAxY6Hw1VyhwqCHKwCqFYI2YsERrJVQFcFMibHKGJNO7LGInieOqqKhgNkwIgG8a6cCSfVLSi001itDLDaPsisCC6pJnf7ItMooRhabCU9SpwEvhhdaLRe108USkwWXQJ1mGLdN+Pkq4eiXFbOFw5InqqJEpzoW7OwpmYtFp0/ytzBYclwHVVwxDpkwG6AaE8lamDcGgcn228lSqRyzm2TVptzEDyXV8MCGydkw5gcAeTr4pqnh2tkuuW2A2Koc+VHm6vZgY6AbwPXdQzAmLbRPqQtCqcr8xFpTlZ7MudtgInknYe6DRTNnnatERYGRr90pUoz0W26gXuJEdSeuyRx2GLN9dEjRWMtnncTQkW1CyH+i9Q8C4hAqUARp5qbjZ0x5KPOmkddAlyFt1qciCNvwhZmMpx5KbRaMrFq7xkDbgtJ8CDv0OiUY/K4OGoIPpdWqFBJSMokEqVMxJ5S1SnwuepD+deUo1ULkqhKac0H8/JS7mQbifzdBjJg3DUHVUcifnihv1I3+RQHRQojBLSOPz5oZcOVei+HDjQ+BSvodChChGxVOHFBUhh9VUqAFQQ4K7QolQsYvKsEKUYJkJIkI1IIcJnDM3ToRhGUimKVIzoitbAnZNYaXQT+Dp1Tok2VBJIHACdw+HJi6M6g1pBBJc60HQA2V8C5oaXO1mByI3VOiLdrQ5RZkcN425WtRw5ytDXODnTOkA7wNrb9VnUcpqSCXNgmd46jwWt2VVDiS8SAN9h+BPBohy2gtXDljQS2ACBbffXnr1RqLxbp7olQh5IB7osJJvvbrp6JQkiQdQqnOnembr6jTTG24nblAOLFiZ6lZxq926sXsFMFxM/tAjm5PTRFyoRcYbF4vMMrQYBmTr6bIDKRdbQbk6I2EDHNzAkxMiL+ySxGLzSB3GxIF+8Rz11SuVDxjbpGlSIyEB4Nx/J+eqUrua8ZYkXvOh2ISmFr5ZBvO50HUwuxtcizbk8beCHYVFpmbXgNi+ab9IQazHN3R67QN5cLmOUlXxLnTo0blIzoihU1b8oGJaCJhNMDRYXPKSrVRfxU2XRkVWRPCqaMtsnazQQkA+D0U2VQq9qG8J+rSB01+f8AKUeErHTAtfHgrkyhPCoHID0EYSx7Xss5pBHiEhiMwJJk5pMnck385lPB0qlenmaRuLj6j0+QSyWhoumZoKsHLqbZRYU0irZ1Z2YA+R8vwIBT1Fste3eMw8rH2PskoQaoNji4qwCtCokTsoxSVKkBMkK2QAiNal8RWiw1QqWIM3NkMkg4tmjRpyeifY2EAsywJkFocDyDofzhEaCmsQYYZPQe6c/1C8QICWptAafzxS9IiT7JlolJJmzTxGao0+Gqdp4YF0zaZj6LDpOLStGljzoQCqKXyTlF+DQpuhzgOYHPPzAC0sJiY01NliGtMECI/AmRiNDFx7+SaLJyjaPT4FpBgmYncRM3jnVCx9c7W008N1mNqGxJi1k9hXS3TYz1g/NVu1RyuFOw9F0suYFrnkn3KWxTrEh0wLcRfbUH7qtYd2OPz88UqKgc3INSBP8Aa0ETPX83QY0UaWGa9r4aDFpAuBOk9VbtRpAgkEi//b587q9PGBghusa8eupSWKqTMHVwEk8kBN0hVblYGlVJi2++5Ij+VetWLJjU7j80Q67I7ou4jTjqdrpZ79otBAI5ETfz91NlUrKfEvNzyhYgEjugR028fkhVToCYG99UZtcNEWjpp7IXZSmhd7+beSzcQQXJ7FuytmJkwCdBpHidfRZVTmbqTkWjHyUqPVHU7KKwIMHXhDDkjKKirXxqurMm41+aq+46T6FUa8grDJClQKrk5VYDf8KUyFAYHKuKn+VLqd+iq9sIWPQOuQHyAA10WGgMbT+XUPp8Ilajq2QeCLiehVcM6RfUWKVfAX8lKLsrgeD7bj0QcXTyvI9OoNwnnMRqLGuAzG4t5bfP2QmhosXAUQjPp3/JVWsVCYMNRAFwCIxsmFgMQxBAJloSxcOIRsYe8ekD6odCnmcAFBrZdSdbNnB12vpCTDmHKRyHS4Eecz18UYAfhS2GwwYOZ3RC3orIg/6JDtCZjZF+INlGTbNZRTpyYB80wpcPTeHa4kIbaMJ7COjX88kUhGHDXN2+oUOq6bfn+UaniAbaeP5dZ9Z3eNoEwPL5JnoRb7NVlckCXaaStvs6sTEXIFxvHReXa7SDP33smKGIINkyk/BOfGmbvxYEcb8qmEeA55IkReNdjPPRKf1EtMxe/WfHjolIBudUzbEUF5Nf+sa7Qx0dFvPRAOJ+I/KwwBcu5jQ+ug+yyX93xRKVe0+XoAs5X2FcaW0aNVzaYgGSdI4++yToYgyDJi9uOUliMTKWdV3Stjxh8mljYj6rNbWc2SDEiLfJMNqyEo9hLoHulbsdKgjsQXiHEkjSUnUfeCi/07pBkfyq1qea4SsZULuKE8q7gqFiA6RUP6qjhwr5Fcsj89wlHoHRMo7qQvMggH12lDIhXLybkz1KzMgUTciefJBe0ka2+Uo9TwuPdDLdBedx8ojVAdIE1o80vV7r82xs7x5TQCmtQ0DrAgdbG4KDGSKtaDYmOOPM7IRaq0Gm7Tq0wU4aIMRxeSNfXwWSbM6Qy5jQJeBF9THulqYpus14np/OqW7WwhzZhJB5vlP2WeaZCMuWpU0LDibjaZvf0cbqhYR+qyzsL2i9n9w4P0KcxHarXMc0NMkWNt7H6o5xaFwmnsyHukk8mfVaXZdKGk/7jbyn6/JZrWzYeC9hQwrQ0NAkNA/k+Zk+aTjVsbkeKozhZRAT1XCA6JV9AtN1VqiSaYPKUWm/pHRSAiMZN0A0SyodjCOHdb/nqh08PudAm8gEfhRA0DOY25HhbwVPhtAMkz8yjvcJkCdroeUuvFgJRFYJr0zQqjQpfLJvvp1t+nXeyoxyyZsTVzwFag+dCgGS2eIHhx8kJ0gA8j+CmTJ4h+0MRmIvOURPmSgZ7RePqdfkly5RnStjqIZkZhmMNm/gLnRTiGtmWuBkTDZGUwJHe1MzpwqVxIYwam/m429o9VDmCwAJI3GhAta3gh27DWgrKYixJ8Yn0UOcMul0Gcp3TIpg/qlEFCbXni26h5M8Sj1qUaf5XObmEQswoXfR3HmhliM0HRS+igUSFi1UITRoqppBbFgbSFSVDngZRu4G2xgu707OkG2kQmRQkwLlK9rdz4RNiDMGxLTlMjka+qWUaVjQlbpBmUZNyBbU6ea5jIIMw4Hxnb1VKWKa7QojiJsPAfRM4qjKcl2AyKcgRHOsBAtN9z48rnsLTBF/wraBsXxLYiqNB3XjkftP08gphMljSzWJkOHIN5H5qBzbMZWLJYRMH22S5KL2Uxclo9AaINiksR2a39pAkxlJsZOgOxThqbpOsSajXOEU2Au/7iBOnmI9UJqL0zcTktxMfEYIts4EH2PmLFKkQtY9tvgjKBIIsdJWQoNJPTLptr3IPha4a4EtDoIMGdr6hepwePZVHdMO3bof5C8mKROx0nTbnwXNJaQQSCE0ZtE58ake2bTUmjOoWP2Z26DDatv7/wD9D6j0Oq3ZXTGSZyyg4vYt/p48FzsARpdOtKOxyOhcmZwwjo0lCYL2W/TA4XV8Mx8SNJuLapQqXyYZO8qBxNlpVOzL2dA9UOv2X/tffeUQ2jNxQ7sgRpHPilM038Pay1O0MGW05LtwskFBhj0PNcqFx0/Pz7KrCofJ73gD9PYLWGijl1E3mxy3IOhg6eaqRMmdB+Adf5Q2oBou595OsH+P8JphGVp3AHn+fRJOC2sDh2vpAnXQxyD9oRiLLRn1D/KuwExFk8cE2dTEI9NgGyahcjJrh0aFHwFG0uHgtFyCVqSMm2Aq4cAzyugQj1LhKlaxqYvVEIRTNUJeOVsjOIFwWf2hhZDqkkutMmZm32Wnk16CSg42mPhOH9p9iCPkl5KcRuK1JC2Ga0jMGhpMTHIsfC6MAlOyXSHDrPr/AIT/AMM+Wk7T4oQaxQ008mDhEpMkgcyPMiB7qzGie9IsdOYtY9VzJBB4IPmtZqAMuAebqauEY+CSQYjSZ6oHxgwFpPeDrCLQbgk7C6z61UkyozmqpnRxwado3u38CKbWOcA74jZYQ4wIMOt/uGnmErjMUTh6bTOYS2bd6k0zTnq0kgHgrq1Z1Z4pA/8ALzZgNQLQXeY+iF2zUbnIb+loj019/kpyV+5/b9+hWHt9qMh5VZTGEpte9rHODA5wGc6Mk6npz/CntPAPoVX0agh7HEHg8EHcEQQeCEMlePkRp9mlgu12FlNlVpzMlgqcUnd4NcNTldMdHEbBHxfZQP6bfI+BWHhKWd7W8mPuvbsYekKnHFVRLkk07R5Ct2bUBjLPUaL0XZFRwptbUEFthcabaenkn2u6KQG8BVjFJ2SnJtUyDiGgEnQCfRNUni3MCfGL+8pLGAZCIFyG/wDs4A+xKdzcJr2JjoO0o4ck2OlFzFawYh5VZWT21j/ht/7mkCDBBtfwgnzA5Waz/iV5Mljf22k5Zk5iIuJBAjaN0uSTD6bas1e3X9xo5M+n+VhBaHaGNpVS3LUBJG8ty2J7zngCJjSdD0SVd7C4mmCGE92Z021ujdjRjSLscqlx02XBS2i4gkNJA1IBMeK1jUUefT8uoUuBCtVbG8nfoeFrDRWqZ+nQce60uwav6mciR5LLhFwDi17Xf3R62PzWTFkrR6AmFDqgB8UD4mYkToruYI10VTnZzqgQnvCq4cKfgnm/CAy0cKiUxrgBPBB94PsSnn5W2ievPms/tLDZ2vIOUxps6OnPVJLSLQdvY02mAJcZPGwQmtYZLjAHHS5SGBbmpgZ3AkTExA6dETD4EMdmDnT42PjGqXJsfBK7Zali21GgtaQ3g6z15VcJVhj6Lm5mmYO4JBLCD4Bw/wDFBoQ2o6nFnd5v1H5wh4oljg68R6xcA+dvPxST90dlONYy9pmdmnLUg7gj6/RbFKpLe6ZB9CRImPVZwBzBtpzZpi5kTE8TbxK2OzsMDI0AJgiIEmd+hS8ctNMbl49pryDLd9uUri8a1sZSJAM7gnYRpA/JVe1SX1SXd1ogNbJIa0WH3MbkpDEUCwlsg7Ojbvbz4Az1CE+XwNx8DrJkVC58uJu43J1J3On5ZV8kSkOk25iDymKGEzCQCeoIAUVbZ0UoocwzmtpueJtMTrl2B8ysGs8laPatE0zkMGbggyHDYhZjmm52BA9dPkU0WmlRPkTUmn2URsVin1CC9xcQ1rQTqGtENHkLIKLVpgBrgZBHmHD9Q+RHQjqi6skrpmt2FgHte2o5sNLC5h1DpJaYI3EOBGoXoWOhZ3ZlPEf0vw6ffYXl4gCWGIOU6tzACQRFheUCjjnNgOa433meovqtx8qeinJ/HkldD1KsXGqN2m3m2Qj0nBzQQdQD6pTDuHxX9WtPpIP0VqD4pz/tDh/6SPorxkc0oC2NxByNvOZzjBuMoJA9iE52TWIaW2EHbg3n5rGqUS1pzG7WsaPNoJHuFqdlsJaTJOWx1ge6CewySo1qWJF+mvRW+OsShWcHvMEgzFtQMsH0Pum8XJa4NBJABMftE6mPBPZNw2Kf8S1i5rCIyzyDeLXHSViVWZSBM2Bt1AMeUrYxtTPTDXE62PESI66lY1ZozGNBp6KcuykV4C0RBaToTM3teNvBP1cdlcHOPxHz3g8E26k77DjolcJRJynb7HjxVe0nkvuZMDbQAR9FrpGx2ajC1zQ5tgZgaus5w7+gDvDZL9p90tLT3WkQY/fEm5F9fSEXslhNPeMxj0E+4K7tHCnuReX5R4uAgf8AxKZ24irTIY6WjckST13t469V0dUWlhqrAWichNwYg9RwVD6B4RXRn2DkcT8vRVJPoiNpnjb8KjEPhwzMABsC3QDQTNyZ1KxqJw+Ig3vcn1jdalN49Vm1MG9rcxENOkkCZ3EmSLa6IeDrETFxqNEykTcLNcGFEoDQ41CIPeaCBBmQcrv/AK+6K2AHOeYa0aC5P0A6nSCtZlAGXa+MfnqphZA7ZbnMsOXNNjfSIvtKIe12kfocNxEWPMyp5ouuJjOFpDLlP7SRwbGxB8IRnd03MjZ30dwfZIUsfTeHNfNyCLGxiDEaaAp7DuZBgzaT4QBN78WKRMrKKqjM7ZoGBUmQDlIFo5M+KayU6mRjnlrXCQbExBDSQdQHaji6JULMlSncA3bbe1hzJ28CFmUAfiU2uNhYmf0tOl+mqlOTpl+OCtA34ch7GlzQQcuaTlMb5htcXWxUNSl3AAXtsWE94QAe7s6xB5ukhgZw7nTLm1Gg72IMOngkkeQROyqxD3CoS8PplhEy4QJYWk6EODfKQouTdteDqhGMWlXfRSoBWaXaPBH4R+apZuGc5t2kOEDMJIc2Iyu2kQIR3jvbzuRv4rawWNaAZbmdH7YE+tlOUpRWjojxwm/d/wB/2eWdTMhsEG8/f5+iXxeJzO7tmgQNdBumO0+0S9xIbk+Y5ErOhdULrZ5fNi5VHoM5x3U4OmXPDA5rc/dl36ZOk8Xi+2qIKRLXWu2T1je3TcdPFKwj2hGqaZNSmWuLSCHNJBB1BGoKsYLQI70xIH6geeoNuoI4Uvquc7MXEu5Nzbk+ivQbLiQNAXR4a/fwC31Al8GxSxGVrCwObENMASC0ag8HXxnzed2sx0n4LsxHe3Y47Es0nqsLD4otJgNgggg3BHUJ+vhKTqbnMa5lRhh7Llh6sdtzBUZQje0dsOade1/b8C9N7g7MTeCLg29lQjuxN5M31B8evzS4b4jzRaYboSSfFWOUIHG4LgJj9wiQZv5QE0HPOgmNpHvykHlg/wAn7rvjUuL+B+6NsFI0vishxcCDqJbY20JtF1NHFsBjKMhibgnxgAjyWZ/UU/wH7on9QwjUHxafqU2TExTNqv2jRAIaB0JH0a0rAxlQOe8t0cZ9YPzVy9p4/PNCIb18v5Kzk2DGj0PY+Pp06TW1GkmJENYe6ZIvMpDtqtTfWc9rXAGn0/6gsLf7bCySpVGRlMiJImPNsg7+nqhVHtJtPv8AdbK1RsK2j2fYHadGjQax1IudGYksa4EuuRm2A4Re3O1qD3UP+WKYZVa4wxgkCAQS3XfXReJp1xF2+Y1+ah9Yf7T6ps3VCemrs+pv7dwzwTToNcNP+m2Ok5ZjdI1e1KTQc2GvNgKTtOZMNI8DwvnZxA/2D1K5uKA/YyeoB+YIR9VgXEj3FXtjDiO6AdYFNs+Bl7ouvPdtdoOqv7zCwDugAWgG82AJJvMBZh7VqHp4SB6NgJd9adh6R8ylc2x1BIarOJu4knqCT6p3sxrm3luU7O3PQTY+KxTzkHqpDZvlPqhkHFM1cX2mdGjKQTcDvXsYdsLbJNmOqQBmMcAmfVLhnUjzRBVaNL+JQbY6ikDqvkyZnqZ9yiBpMQ1RnnYDyJRn1bCHHr/BSFU9Fm4YzJj88FoYcUhTfJ78tN3RIuCOeCsV8GZcZUw0akm1h7IMyNDFPLTld3Y/a2QfMlDxOMHd+G1re4MwjRwkGPIA+aW7RxpqVHVNC4CfENAJvzEqmMpvY4ZmuZIDm5hBLToeo1HkUE7q+xnq66D/AOpVIMEnnjzug1cWT+4k9CbeaDTJaMwFpA8/1D5exXYelLomLa6iDGpGgvqj0Lt0aNPFtrDLVOR37agsD0f90JualULHGL2PI2MoGFqRNMizogn9rgbO8LkHxTFYEsyuF286tixhTqnXg6IybWXn90/yFxuDNR0j9R94CHT7OeB+ld2bjvhOAqCWmDI1HDhyvYYL4bmAtqNg9QpcnJLj14Ojh4uLluXT8o8bWxUuzbtEFw1f+0ug6EiDfrygsww+F8Rrxma4Ai0i/dMHWbHyM7Ty5dKWtHnSe9/2Ri6jHuDmgMJjOLZQ7fL/AG7xtMaBajuxHNbmZUpzwHCCCIMHzNioXKXM3GqZX+O4yvJGQ+llflfa94I0O4IstjszHU6LzUZXD2kAOpvYQXt43EjlcuVMPUjsn6npSdI1qzezcS0H44ouB0LSD4TofVZ+JweFaYGJAtYif5B9ly5JHgcepOvt+B/8vK3KKbMOsxu1QG+8iRz0QQzqPIhSuV6OfO/ANcCpXLUDI6yiByuXLUbInL1CnTQrlyxrKg9VxPVcuWBZ09Vam+OFy5Y2Rf45Vi45ZtExPC5cgx4u7JoVWtuc0/2kD3M/JM0qrHf9Wcp0c10uZ0Id+pvuuXIOIY8niicdgGNAc2s14PHyI2PRItIG65chFPyxpzWqVFqjtLyI+p1VJ6rlyZIVyGThh8IVGvaYMPbo5p/aY/cDyEXs7DfFBEt7lyC4AlpIBInWNVy5Td09lFNWteBelh8xIkAjYnXmD01jiVp9tdu/1FHD0n0wH0GFmebuE2XLlnBSkm/HQM6joz6NRnw3tJgugg63bo0jre+3gVVlUANda0tcOQQYNuhI/wDELlybBC+q9a/ewVSx1BvqNCtnCVg8Zg5pe3Vr4OYRG+oiy5chOFofh5WpV4Zn9qNphwNOQ0j9DjmLeRO43B8U52c/DlgzuLXAkQDt+fJSuQwuNWZcuE3pP6n/2Q=="
1,file:///C:/Users/Nydragon/Documents/GitHub/catch-ball/index.html
171,http://gaben.tv/
172,http://gaben.tv/leaderboards/
2,http://tribe.adatechschool.fr/
112,http://www.parisetudiant.com/etudiant/resultats/bac/diplome/2016/OBRIOT_BOUVIER_LAURINE_EMMA_CHARLINE_a386e305374f858acc663f0047dc9984.html
11,https://accounts.google.com/AccountChooser?service=mail&continue=https://mail.google.com/mail/
15,https://accounts.google.com/CheckCookie?hl=fr&checkedDomains=youtube&checkConnection=youtube%3A188%3A1&pstMsg=1&chtml=LoginDoneHtml&service=mail&continue=https%3A%2F%2Fmail.google.com%2Fmail%2F&gidl=EgIIAA
12,https://accounts.google.com/ServiceLogin?continue=https%3A%2F%2Fmail.google.com%2Fmail%2F&service=mail&sacu=1&rip=1
7,https://accounts.google.com/ServiceLogin?service=mail&passive=true&rm=false&continue=https://mail.google.com/mail/&ss=1&scc=1&ltmpl=default&ltmplcache=2&emr=1&osid=1#
13,https://accounts.google.com/signin/v2/identifier?continue=https%3A%2F%2Fmail.google.com%2Fmail%2F&service=mail&sacu=1&rip=1&flowName=GlifWebSignIn&flowEntry=ServiceLogin
14,https://accounts.google.com/signin/v2/sl/pwd?continue=https%3A%2F%2Fmail.google.com%2Fmail%2F&service=mail&sacu=1&rip=1&flowName=GlifWebSignIn&flowEntry=ServiceLogin&cid=1&navigationDirection=forward
200,https://atom.io/packages/ide-java
74,https://ca.indeed.com/cmp/Quantum/salaries?location=CA%2FQC%2FMontr%C3%A9al
139,https://chrome.google.com/webstore
140,https://chrome.google.com/webstore/category/extensions
141,https://chrome.google.com/webstore/search/ublock
125,https://dev.to/hardy613/asynchronous-vs-synchronous-programming-23ed
102,https://developer.mozilla.org/de/docs/Web/API/EventTarget/addEventListener
79,https://developer.mozilla.org/en-US/
85,https://developer.mozilla.org/en-US/docs/Web/API/Document/keydown_event
97,https://developer.mozilla.org/en-US/docs/Web/API/EventTarget
81,https://developer.mozilla.org/en-US/docs/Web/API/EventTarget/addEventListener
107,https://developer.mozilla.org/en-US/docs/Web/JavaScript/Reference/Global_objects/Function/bind
121,https://developer.mozilla.org/en-US/docs/Web/JavaScript/Reference/Global_objects/Object/values
129,https://developer.mozilla.org/en-US/docs/Web/JavaScript/Reference/Statements/async_function
80,https://developer.mozilla.org/en-US/search?q=addeventlistener
106,https://developer.mozilla.org/en/docs/Web/JavaScript/Reference/Global_objects/Function/bind
120,https://developer.mozilla.org/en/docs/Web/JavaScript/Reference/Global_objects/Object/values
204,https://docs.oracle.com/en/java/javase/13/index.html
203,https://docs.oracle.com/pls/topic/lookup?ctx=javase13&id=homepage
192,https://github.com/
197,https://github.com/adatechschool/Chatbot_Python_LyMoNi
195,https://github.com/explore
193,https://github.com/login
196,https://github.com/orgs/adatechschool/dashboard
194,https://github.com/session
95,https://gomakethings.com/why-you-shouldnt-attach-event-listeners-in-a-for-loop-with-vanilla-javascript/
201,https://java.com/en/download/installed.jsp
202,https://java.com/en/download/uninstallapplet.jsp
117,https://javascript.info/bind
118,https://javascript.info/call-apply-decorators
92,https://javascriptplayground.com/javascript-variable-scope-this/
16,https://mail.google.com/accounts/SetOSID?authuser=0&continue=https%3A%2F%2Fmail.google.com%2Fmail%2F&osidt=ALWU2cs5NPXR4bTuGrBtokKqpP7CauP6zsqrdzs6EiyJykt5VrBiss9cC4-2TOBiq3rob8OivUNbJymlt_q_c8wgAwj3wUisJ7WR5PLylcPExjl8qYXkQwPCZGp8iYCytlEds2ka5W0-&tcc=1
8,https://mail.google.com/intl/fr/mail/help/about.html#
6,https://mail.google.com/mail/
17,https://mail.google.com/mail/u/0/
18,https://mail.google.com/mail/u/0/#inbox
19,https://mail.google.com/mail/u/0/#inbox/FMfcgxwGBmsmZbPvmWClCjxNvQMjprhM
127,https://medium.com/@patarkf/synchronize-your-asynchronous-code-using-javascripts-async-await-5f3fa5b1366d
114,https://medium.com/@siddharthac6/javascript-execution-of-synchronous-and-asynchronous-codes-40f3a199e687
68,https://medium.com/m/global-identity?redirectUrl=https%3A%2F%2Ftowardsdatascience.com%2Fhow-much-do-data-scientists-make-cbd7ec2b458
94,https://raddevon.com/articles/share-variable-two-event-handlers-javascript/
87,https://stackoverflow.com/questions/13996263/javascript-scope-addeventlistener-and-this
108,https://stackoverflow.com/questions/14457891/how-to-call-javascript-event-function
164,https://stackoverflow.com/questions/16873323/javascript-sleep-wait-before-continuing/16873849
101,https://stackoverflow.com/questions/43558169/addeventlistener-as-a-global-function
155,https://stackoverflow.com/questions/4416505/how-to-take-keyboard-input-in-javascript
25,https://stackoverflow.com/questions/5597060/detecting-arrow-key-presses-in-javascript
67,https://towardsdatascience.com/how-much-do-data-scientists-make-cbd7ec2b458
69,https://towardsdatascience.com/how-much-do-data-scientists-make-cbd7ec2b458?gi=cae2e8d7752e
3,https://tribe.adatechschool.fr/
23,https://tribe.adatechschool.fr/new
21,https://tribe.adatechschool.fr/u/password-reset/24086926b659664f435008d51b3b37fe
22,https://tribe.adatechschool.fr/u/password-reset/24086926b659664f435008d51b3b37fe?
54,https://wallpaperaccess.com/12k
206,https://www.crunchyroll.com/fullmetal-alchemist-brotherhood
207,https://www.crunchyroll.com/fullmetal-alchemist-brotherhood/reviews
208,https://www.crunchyroll.com/fullmetal-alchemist-brotherhood/reviews/helpful/page1
209,https://www.crunchyroll.com/fullmetal-alchemist-brotherhood/videos
210,https://www.crunchyroll.com/saga-of-tanya-the-evil
211,https://www.crunchyroll.com/saga-of-tanya-the-evil/episode-1-the-devil-of-the-rhine-727459
64,"https://www.glassdoor.com/Salaries/data-scientist-salary-SRCH_KO0,14.htm"
61,"https://www.glassdoor.com/Salaries/paris-data-scientist-salary-SRCH_IL.0,5_IM1080_KO6,20.htm"
57,https://www.glassdoor.com/Salary/Riot-Games-Salaries-E247538.htm
65,"https://www.glassdoor.fr/Salaires/data-scientist-salaire-SRCH_KO0,14.htm?countryRedirect=true"
62,"https://www.glassdoor.fr/Salaires/paris-data-scientist-salaire-SRCH_IL.0,5_IM1080_KO6,20.htm?countryRedirect=true"
63,https://www.glassdoor.fr/profile/joinNow_input.htm?hs=true&uoh=10
58,https://www.glassdoor.fr/salaire/Riot-Games-Salaires-E247538.htm?countryRedirect=true
214,https://www.google.com/
5,https://www.google.com/gmail/
10,https://www.google.com/intl/fr/gmail/about/#
9,https://www.google.com/intl/fr/mail/help/about.html#
50,https://www.google.com/preferences?hl=en&prev=https://www.google.com/search?biw%3D1463%26bih%3D713%26tbm%3Disch%26sxsrf%3DACYBGNTQqEA2895GCJ2cF27obk8HcnRn6Q:1574083915365%26ei%3DS53SXZPvFbul1fAP1M-ZOA%26q%3Dpixel%2Bbackground%26oq%3Dpixel%2Bbackground%26gs_l%3Dimg.3..0i67j0l4j0i67j0l4.37744.38263..38536...0.0..0.47.169.4......0....1..gws-wiz-img.......0i5i30.1W55WV5P1_k%26ved%3D0ahUKEwjTwPzE7_PlAhW7UhUIHdRnBgcQ4dUDCAc%26uact%3D5
51,https://www.google.com/search?biw=1463&bih=713&tbm=isch&sxsrf=ACYBGNQFamg-Qp0uaAlG7IuDY_8s2qdGmQ%3A1574083954963&sa=1&ei=cp3SXdi6Ot2W1fAP6OmCqAk&q=pixel+background+12K&oq=pixel+background+12K&gs_l=img.3...10680.11930..12130...0.0..0.50.172.4......0....1..gws-wiz-img.......0j0i67j0i8i30.Fb8i-0vFUig&ved=0ahUKEwjYu-3X7_PlAhVdSxUIHei0AJUQ4dUDCAc&uact=5
52,https://www.google.com/search?biw=1463&bih=713&tbm=isch&sxsrf=ACYBGNQFamg-Qp0uaAlG7IuDY_8s2qdGmQ%3A1574083954963&sa=1&ei=cp3SXdi6Ot2W1fAP6OmCqAk&q=pixel+background+12K&oq=pixel+background+12K&gs_l=img.3...10680.11930..12130...0.0..0.50.172.4......0....1..gws-wiz-img.......0j0i67j0i8i30.Fb8i-0vFUig&ved=0ahUKEwjYu-3X7_PlAhVdSxUIHei0AJUQ4dUDCAc&uact=5#imgrc=q-YfDmNArvp4UM:
159,https://www.google.com/search?biw=1463&bih=713&tbm=isch&sxsrf=ACYBGNSjd_JR5e3XTaRzYRwKc8LmQmGiZg%3A1574174487685&sa=1&ei=F__TXZm9KbG61fAPqIqy0A8&q=jawa&oq=jawa&gs_l=img.3..0i67j0l3j0i67j0l5.1515.2424..2593...0.0..0.50.188.4......0....1..gws-wiz-img.......0i10i67.SdMxhcAT-B4&ved=0ahUKEwjZpJz5wPblAhUxXRUIHSiFDPoQ4dUDCAc&uact=5
158,https://www.google.com/search?biw=1463&bih=713&tbm=isch&sxsrf=ACYBGNSjd_JR5e3XTaRzYRwKc8LmQmGiZg%3A1574174487685&sa=1&ei=F__TXZm9KbG61fAPqIqy0A8&q=jawa+script+pun&oq=jawa+script+pun&gs_l=img.3...5643.9715..9956...0.0..0.134.495.8j1......0....1..gws-wiz-img.......0j0i7i10i30j0i7i30j0i8i7i30j0i10i24j0i67j0i10j0i10i30.1AMG5OHWreI&ved=0ahUKEwjZpJz5wPblAhUxXRUIHSiFDPoQ4dUDCAc&uact=5
161,https://www.google.com/search?biw=1463&bih=713&tbm=isch&sxsrf=ACYBGNSpr1fLodYNy3ZccFOLcnMT1FD3fg%3A1574174511279&sa=1&ei=L__TXdHCENHqxgPGmLiQCg&q=script&oq=script&gs_l=img.3..0l10.3089.4337..4763...0.0..0.69.295.6......0....1..gws-wiz-img.......0i67.h_ydhNPfXKI&ved=0ahUKEwiRlryEwfblAhVRtXEKHUYMDqIQ4dUDCAc&uact=5
160,https://www.google.com/search?biw=1463&bih=713&tbm=isch&sxsrf=ACYBGNTAMJl1ETkj7jFXw9zDSamNCreS5w%3A1574174507270&sa=1&ei=K__TXfeCEPuW1fAPo8KjgA4&q=jawa+sw&oq=jawa+sw&gs_l=img.3..0l4j0i5i30j0i8i30l4j0i5i30.1749.2899..3080...0.0..0.66.160.3......0....1..gws-wiz-img.......0i67.WvG1tAlad88&ved=0ahUKEwi3xMeCwfblAhV7SxUIHSPhCOAQ4dUDCAc&uact=5
42,https://www.google.com/search?biw=1463&bih=713&tbm=isch&sxsrf=ACYBGNTQqEA2895GCJ2cF27obk8HcnRn6Q%3A1574083915365&sa=1&ei=S53SXZPvFbul1fAP1M-ZOA&q=pixel+background&oq=pixel+background&gs_l=img.3..0i67j0l4j0i67j0l4.37744.38263..38536...0.0..0.47.169.4......0....1..gws-wiz-img.......0i5i30.1W55WV5P1_k&ved=0ahUKEwjTwPzE7_PlAhW7UhUIHdRnBgcQ4dUDCAc&uact=5
43,https://www.google.com/search?biw=1463&bih=713&tbm=isch&sxsrf=ACYBGNTQqEA2895GCJ2cF27obk8HcnRn6Q%3A1574083915365&sa=1&ei=S53SXZPvFbul1fAP1M-ZOA&q=pixel+background&oq=pixel+background&gs_l=img.3..0i67j0l4j0i67j0l4.37744.38263..38536...0.0..0.47.169.4......0....1..gws-wiz-img.......0i5i30.1W55WV5P1_k&ved=0ahUKEwjTwPzE7_PlAhW7UhUIHdRnBgcQ4dUDCAc&uact=5#imgrc=2hxZ7I2mHfwSqM:
49,https://www.google.com/search?biw=1463&bih=713&tbm=isch&sxsrf=ACYBGNTQqEA2895GCJ2cF27obk8HcnRn6Q%3A1574083915365&sa=1&ei=S53SXZPvFbul1fAP1M-ZOA&q=pixel+background&oq=pixel+background&gs_l=img.3..0i67j0l4j0i67j0l4.37744.38263..38536...0.0..0.47.169.4......0....1..gws-wiz-img.......0i5i30.1W55WV5P1_k&ved=0ahUKEwjTwPzE7_PlAhW7UhUIHdRnBgcQ4dUDCAc&uact=5#imgrc=G1vgq7TmK8Vl0M:
48,https://www.google.com/search?biw=1463&bih=713&tbm=isch&sxsrf=ACYBGNTQqEA2895GCJ2cF27obk8HcnRn6Q%3A1574083915365&sa=1&ei=S53SXZPvFbul1fAP1M-ZOA&q=pixel+background&oq=pixel+background&gs_l=img.3..0i67j0l4j0i67j0l4.37744.38263..38536...0.0..0.47.169.4......0....1..gws-wiz-img.......0i5i30.1W55WV5P1_k&ved=0ahUKEwjTwPzE7_PlAhW7UhUIHdRnBgcQ4dUDCAc&uact=5#imgrc=YT_EEO2Ds_36UM:
44,https://www.google.com/search?biw=1463&bih=713&tbm=isch&sxsrf=ACYBGNTQqEA2895GCJ2cF27obk8HcnRn6Q%3A1574083915365&sa=1&ei=S53SXZPvFbul1fAP1M-ZOA&q=pixel+background&oq=pixel+background&gs_l=img.3..0i67j0l4j0i67j0l4.37744.38263..38536...0.0..0.47.169.4......0....1..gws-wiz-img.......0i5i30.1W55WV5P1_k&ved=0ahUKEwjTwPzE7_PlAhW7UhUIHdRnBgcQ4dUDCAc&uact=5#imgrc=YiRONq_S7z1t_M:
45,https://www.google.com/search?biw=1463&bih=713&tbm=isch&sxsrf=ACYBGNTQqEA2895GCJ2cF27obk8HcnRn6Q%3A1574083915365&sa=1&ei=S53SXZPvFbul1fAP1M-ZOA&q=pixel+background&oq=pixel+background&gs_l=img.3..0i67j0l4j0i67j0l4.37744.38263..38536...0.0..0.47.169.4......0....1..gws-wiz-img.......0i5i30.1W55WV5P1_k&ved=0ahUKEwjTwPzE7_PlAhW7UhUIHdRnBgcQ4dUDCAc&uact=5#imgrc=g47Jpthm-QNqTM:
47,https://www.google.com/search?biw=1463&bih=713&tbm=isch&sxsrf=ACYBGNTQqEA2895GCJ2cF27obk8HcnRn6Q%3A1574083915365&sa=1&ei=S53SXZPvFbul1fAP1M-ZOA&q=pixel+background&oq=pixel+background&gs_l=img.3..0i67j0l4j0i67j0l4.37744.38263..38536...0.0..0.47.169.4......0....1..gws-wiz-img.......0i5i30.1W55WV5P1_k&ved=0ahUKEwjTwPzE7_PlAhW7UhUIHdRnBgcQ4dUDCAc&uact=5#imgrc=i4UCV7m0ioC75M:
46,https://www.google.com/search?biw=1463&bih=713&tbm=isch&sxsrf=ACYBGNTQqEA2895GCJ2cF27obk8HcnRn6Q%3A1574083915365&sa=1&ei=S53SXZPvFbul1fAP1M-ZOA&q=pixel+background&oq=pixel+background&gs_l=img.3..0i67j0l4j0i67j0l4.37744.38263..38536...0.0..0.47.169.4......0....1..gws-wiz-img.......0i5i30.1W55WV5P1_k&ved=0ahUKEwjTwPzE7_PlAhW7UhUIHdRnBgcQ4dUDCAc&uact=5#imgrc=pXYr6-fN4U2JHM:
199,https://www.google.com/search?ei=QAUTXrioOafClwSVhojACw&q=java+atom&oq=java+atom&gs_l=psy-ab.3..0i67l5j0l5.2694.2694..2883...0.2..0.46.46.1......0....1..gws-wiz.......0i71.V3TKzISxM9g&ved=0ahUKEwi4yKjX2-7mAhUn4YUKHRUDArgQ4dUDCAs&uact=5
99,https://www.google.com/search?q=addeventlistener+global&oq=addeventlistener+global&aqs=chrome..69i57j0l4.4817j0j4&sourceid=chrome&ie=UTF-8
151,https://www.google.com/search?q=addeventlistener+js&oq=addeventlistener+js&aqs=chrome..69i57j0l5.8812j0j7&sourceid=chrome&ie=UTF-8
24,https://www.google.com/search?q=arrow+key+presse+js&oq=arrow+key+presse+js&aqs=chrome..69i57j0l2.5280j0j7&sourceid=chrome&ie=UTF-8
187,https://www.google.com/search?q=atlas+stone+lift&sxsrf=ACYBGNQMJpRQRxoXjFDi0Q45cLNvdn8hzw:1574350203017&source=lnms&tbm=isch&sa=X&ved=2ahUKEwiWhOnEz_vlAhUMAGMBHSeQADUQ_AUoAXoECA0QAw&biw=1463&bih=713&dpr=1.75
188,https://www.google.com/search?q=atlas+stone+lift&sxsrf=ACYBGNQMJpRQRxoXjFDi0Q45cLNvdn8hzw:1574350203017&source=lnms&tbm=isch&sa=X&ved=2ahUKEwiWhOnEz_vlAhUMAGMBHSeQADUQ_AUoAXoECA0QAw&biw=1463&bih=713&dpr=1.75#imgrc=aghruu4cOTHXnM:
176,https://www.google.com/search?q=baby+yoda&oq=baby+yoda&aqs=chrome..69i57j0l5.27670j0j4&sourceid=chrome&ie=UTF-8
177,https://www.google.com/search?q=baby+yoda&sxsrf=ACYBGNSvMP_7wI3GQZn6HqqHKgTDc1h43g:1574349144783&source=lnms&tbm=isch&sa=X&ved=2ahUKEwikupvMy_vlAhXk6OAKHZRHDj0Q_AUoAXoECA8QAw&biw=1463&bih=713&dpr=1.75
178,https://www.google.com/search?q=baby+yoda&sxsrf=ACYBGNSvMP_7wI3GQZn6HqqHKgTDc1h43g:1574349144783&source=lnms&tbm=isch&sa=X&ved=2ahUKEwikupvMy_vlAhXk6OAKHZRHDj0Q_AUoAXoECA8QAw&biw=1463&bih=713&dpr=1.75#imgrc=82kINiUGsKBv-M:
131,https://www.google.com/search?q=beyonce+meme&oq=beyonce+meme&aqs=chrome..69i57j0l5.3649j0j7&sourceid=chrome&ie=UTF-8
132,https://www.google.com/search?q=beyonce+meme&sxsrf=ACYBGNSME3-qt-i2bVDkPnaZzwQsbIh8uw:1574169651183&source=lnms&tbm=isch&sa=X&ved=0ahUKEwi81f_2rvblAhXPzIUKHY04Dj8Q_AUIEigB&biw=1463&bih=713&dpr=1.75
145,https://www.google.com/search?q=beyonce+meme&sxsrf=ACYBGNSME3-qt-i2bVDkPnaZzwQsbIh8uw:1574169651183&source=lnms&tbm=isch&sa=X&ved=0ahUKEwi81f_2rvblAhXPzIUKHY04Dj8Q_AUIEigB&biw=1463&bih=713&dpr=1.75#imgrc=QcUXy9K0CwWOvM:
133,https://www.google.com/search?q=beyonce+meme&sxsrf=ACYBGNSME3-qt-i2bVDkPnaZzwQsbIh8uw:1574169651183&source=lnms&tbm=isch&sa=X&ved=0ahUKEwi81f_2rvblAhXPzIUKHY04Dj8Q_AUIEigB&biw=1463&bih=713&dpr=1.75#imgrc=fLbzvgvuz2NKhM:
146,https://www.google.com/search?q=beyonce+meme&sxsrf=ACYBGNSME3-qt-i2bVDkPnaZzwQsbIh8uw:1574169651183&source=lnms&tbm=isch&sa=X&ved=0ahUKEwi81f_2rvblAhXPzIUKHY04Dj8Q_AUIEigB&biw=1463&bih=713&dpr=1.75#imgrc=wEEUY8ZmauJ5pM:
142,https://www.google.com/search?q=beyonce+without+makeup&oq=beyonce+without+makeup&aqs=chrome..69i57.6008j0j4&sourceid=chrome&ie=UTF-8
143,https://www.google.com/search?q=beyonce+without+makeup&sxsrf=ACYBGNQOQ5DZOeeoOBevE1SAOfwBW-fbWA:1574169828451&source=lnms&tbm=isch&sa=X&ved=0ahUKEwiqlsPLr_blAhXIyYUKHadgB70Q_AUIEigB&biw=1463&bih=713&dpr=1.75
144,https://www.google.com/search?q=beyonce+without+makeup&sxsrf=ACYBGNQOQ5DZOeeoOBevE1SAOfwBW-fbWA:1574169828451&source=lnms&tbm=isch&sa=X&ved=0ahUKEwiqlsPLr_blAhXIyYUKHadgB70Q_AUIEigB&biw=1463&bih=713&dpr=1.75#imgrc=d0IjLPl6Gr62qM:
75,https://www.google.com/search?q=bill+gates+salary&oq=bill+gates+salary&aqs=chrome..69i57j0l5.4205j0j4&sourceid=chrome&ie=UTF-8
70,https://www.google.com/search?q=ceo+google+salary&oq=ceo+google+&aqs=chrome.1.69i57j0l5.4034j1j4&sourceid=chrome&ie=UTF-8
150,https://www.google.com/search?q=chameau&oq=chameau&aqs=chrome.0.69i59j0l5.1589j0j9&sourceid=chrome&ie=UTF-8
138,https://www.google.com/search?q=chrome+extensions&oq=chrome+extension&aqs=chrome.0.0j69i57j0l4.3276j0j8&sourceid=chrome&ie=UTF-8
59,https://www.google.com/search?q=data+analyst+salaire&oq=data+analyst&aqs=chrome.1.69i57j0l5.4494j0j9&sourceid=chrome&ie=UTF-8
60,https://www.google.com/search?q=data+scientist+salary&oq=data+sci&aqs=chrome.4.69i57j0l5.4957j0j9&sourceid=chrome&ie=UTF-8
167,https://www.google.com/search?q=discours&oq=discours&aqs=chrome..69i57j0l5.1582j0j7&sourceid=chrome&ie=UTF-8
147,https://www.google.com/search?q=dromadaire&oq=dromadaire&aqs=chrome..69i57j0l5.4678j0j7&sourceid=chrome&ie=UTF-8
71,https://www.google.com/search?q=dsalary+quantic+science&oq=dsalary+quantic+science&aqs=chrome..69i57j0l2.9491j0j9&sourceid=chrome&ie=UTF-8
149,https://www.google.com/search?q=fdromadaire&oq=fdromadaire&aqs=chrome..69i57j0l5.2110j0j7&sourceid=chrome&ie=UTF-8
191,https://www.google.com/search?q=github&oq=github&aqs=chrome..69i57j0l4j69i60.3598j0j7&sourceid=chrome&ie=UTF-8
4,https://www.google.com/search?q=gmail&oq=gma&aqs=chrome.0.0j69i57j0l4.1570j0j7&sourceid=chrome&ie=UTF-8
185,https://www.google.com/search?q=halterophilie&oq=alteroph&aqs=chrome.1.69i57j0l5.4405j0j7&sourceid=chrome&ie=UTF-8
205,https://www.google.com/search?q=https%3A%2F%2Flocalhost%3A80000%2Ffayal&oq=https%3A%2F%2Flocalhost%3A80000%2Ffayal&aqs=chrome..69i57.173j0j7&sourceid=chrome&ie=UTF-8
198,https://www.google.com/search?q=java+atomicinteger&oq=java+atom&aqs=chrome.0.0j69i57j0l6.3748j0j7&sourceid=chrome&ie=UTF-8
128,https://www.google.com/search?q=js+async&oq=js+async&aqs=chrome..69i57j0l5.2468j0j4&sourceid=chrome&ie=UTF-8
116,https://www.google.com/search?q=js+bind&oq=js+bind&aqs=chrome..69i57j0l5.2641j0j4&sourceid=chrome&ie=UTF-8
165,https://www.google.com/search?q=js+break+while+loop&oq=js+break+wh&aqs=chrome.0.0j69i57j0l4.2147j0j4&sourceid=chrome&ie=UTF-8
96,https://www.google.com/search?q=js+evenListener&oq=js+evenListener&aqs=chrome..69i57j0l5.3527j0j4&sourceid=chrome&ie=UTF-8
76,https://www.google.com/search?q=js+eventlistener&oq=js+eventlis&aqs=chrome.0.0j69i57j0l4.2460j0j9&sourceid=chrome&ie=UTF-8
154,https://www.google.com/search?q=js+keyboard+input&oq=js+keybo&aqs=chrome.3.69i57j0l5.3955j0j4&sourceid=chrome&ie=UTF-8
93,https://www.google.com/search?q=js+listener+scope+problem&oq=js&aqs=chrome.0.69i59l2j69i57j0l2j69i60.4393j0j4&sourceid=chrome&ie=UTF-8
86,https://www.google.com/search?q=js+listener+scope+problem&oq=js+listener+scope+problem&aqs=chrome..69i57j33.6570j0j4&sourceid=chrome&ie=UTF-8
119,https://www.google.com/search?q=js+object+return+value&oq=js+object+return+&aqs=chrome.0.0j69i57j0l4.6399j0j7&sourceid=chrome&ie=UTF-8
122,https://www.google.com/search?q=js+operator&oq=js+oper&aqs=chrome.0.0j69i57j0l4.6875j0j7&sourceid=chrome&ie=UTF-8
113,https://www.google.com/search?q=js+synchronous&oq=js+synch&aqs=chrome.0.0j69i57j0l4.11305j0j7&sourceid=chrome&ie=UTF-8
124,https://www.google.com/search?q=js+synchronous&oq=js+synchr&aqs=chrome.0.69i59j69i57j0l4.4049j0j4&sourceid=chrome&ie=UTF-8
82,https://www.google.com/search?q=keyDownHandler+e&oq=keyDownHandler+e&aqs=chrome..69i57j0l3.3625j0j4&sourceid=chrome&ie=UTF-8
110,https://www.google.com/search?q=laurine+obriot&oq=laurine+obriot&aqs=chrome..69i57.29252j0j9&sourceid=chrome&ie=UTF-8
78,https://www.google.com/search?q=mdn&oq=mdn&aqs=chrome..69i57j0l5.702j0j4&sourceid=chrome&ie=UTF-8
26,https://www.google.com/search?q=pixel+background&oq=pixel+background&aqs=chrome..69i57j0l5.3819j0j7&sourceid=chrome&ie=UTF-8
29,https://www.google.com/search?q=pixel+background+gif&sxsrf=ACYBGNRVSbTtgXOZZF7nrMBxcd1uTB6GNw:1574083913544&source=lnms&tbm=isch&sa=X&ved=0ahUKEwjHqY3E7_PlAhUtxYUKHdc-AroQ_AUIEigB&biw=1463&bih=713&dpr=1.75
35,https://www.google.com/search?q=pixel+background+gif&sxsrf=ACYBGNRVSbTtgXOZZF7nrMBxcd1uTB6GNw:1574083913544&source=lnms&tbm=isch&sa=X&ved=0ahUKEwjHqY3E7_PlAhUtxYUKHdc-AroQ_AUIEigB&biw=1463&bih=713&dpr=1.75#imgrc=0A-8mC4FBAVHlM:
38,https://www.google.com/search?q=pixel+background+gif&sxsrf=ACYBGNRVSbTtgXOZZF7nrMBxcd1uTB6GNw:1574083913544&source=lnms&tbm=isch&sa=X&ved=0ahUKEwjHqY3E7_PlAhUtxYUKHdc-AroQ_AUIEigB&biw=1463&bih=713&dpr=1.75#imgrc=6WmKjJe9QTm0YM:
39,https://www.google.com/search?q=pixel+background+gif&sxsrf=ACYBGNRVSbTtgXOZZF7nrMBxcd1uTB6GNw:1574083913544&source=lnms&tbm=isch&sa=X&ved=0ahUKEwjHqY3E7_PlAhUtxYUKHdc-AroQ_AUIEigB&biw=1463&bih=713&dpr=1.75#imgrc=ERtIkr_nH7f42M:
41,https://www.google.com/search?q=pixel+background+gif&sxsrf=ACYBGNRVSbTtgXOZZF7nrMBxcd1uTB6GNw:1574083913544&source=lnms&tbm=isch&sa=X&ved=0ahUKEwjHqY3E7_PlAhUtxYUKHdc-AroQ_AUIEigB&biw=1463&bih=713&dpr=1.75#imgrc=NBe2E6VjRQ5jaM:
30,https://www.google.com/search?q=pixel+background+gif&sxsrf=ACYBGNRVSbTtgXOZZF7nrMBxcd1uTB6GNw:1574083913544&source=lnms&tbm=isch&sa=X&ved=0ahUKEwjHqY3E7_PlAhUtxYUKHdc-AroQ_AUIEigB&biw=1463&bih=713&dpr=1.75#imgrc=OOUO3SgCBCUbHM:
34,https://www.google.com/search?q=pixel+background+gif&sxsrf=ACYBGNRVSbTtgXOZZF7nrMBxcd1uTB6GNw:1574083913544&source=lnms&tbm=isch&sa=X&ved=0ahUKEwjHqY3E7_PlAhUtxYUKHdc-AroQ_AUIEigB&biw=1463&bih=713&dpr=1.75#imgrc=Op6AFBZidJrZcM:
37,https://www.google.com/search?q=pixel+background+gif&sxsrf=ACYBGNRVSbTtgXOZZF7nrMBxcd1uTB6GNw:1574083913544&source=lnms&tbm=isch&sa=X&ved=0ahUKEwjHqY3E7_PlAhUtxYUKHdc-AroQ_AUIEigB&biw=1463&bih=713&dpr=1.75#imgrc=UbjDze9bjPnw1M:
32,https://www.google.com/search?q=pixel+background+gif&sxsrf=ACYBGNRVSbTtgXOZZF7nrMBxcd1uTB6GNw:1574083913544&source=lnms&tbm=isch&sa=X&ved=0ahUKEwjHqY3E7_PlAhUtxYUKHdc-AroQ_AUIEigB&biw=1463&bih=713&dpr=1.75#imgrc=ZZTshG07DxzqNM:
40,https://www.google.com/search?q=pixel+background+gif&sxsrf=ACYBGNRVSbTtgXOZZF7nrMBxcd1uTB6GNw:1574083913544&source=lnms&tbm=isch&sa=X&ved=0ahUKEwjHqY3E7_PlAhUtxYUKHdc-AroQ_AUIEigB&biw=1463&bih=713&dpr=1.75#imgrc=_
31,https://www.google.com/search?q=pixel+background+gif&sxsrf=ACYBGNRVSbTtgXOZZF7nrMBxcd1uTB6GNw:1574083913544&source=lnms&tbm=isch&sa=X&ved=0ahUKEwjHqY3E7_PlAhUtxYUKHdc-AroQ_AUIEigB&biw=1463&bih=713&dpr=1.75#imgrc=dYJOJuVveLenfM:
36,https://www.google.com/search?q=pixel+background+gif&sxsrf=ACYBGNRVSbTtgXOZZF7nrMBxcd1uTB6GNw:1574083913544&source=lnms&tbm=isch&sa=X&ved=0ahUKEwjHqY3E7_PlAhUtxYUKHdc-AroQ_AUIEigB&biw=1463&bih=713&dpr=1.75#imgrc=i-tYbsS2yt7c7M:
33,https://www.google.com/search?q=pixel+background+gif&sxsrf=ACYBGNRVSbTtgXOZZF7nrMBxcd1uTB6GNw:1574083913544&source=lnms&tbm=isch&sa=X&ved=0ahUKEwjHqY3E7_PlAhUtxYUKHdc-AroQ_AUIEigB&biw=1463&bih=713&dpr=1.75#imgrc=i8hIGkCl4sVgsM:
56,https://www.google.com/search?q=salary+rito+games&oq=salary+rito+games&aqs=chrome..69i57j0l5.9400j0j7&sourceid=chrome&ie=UTF-8
170,https://www.google.com/search?q=saviour+gaben&oq=saviour+gaben&aqs=chrome..69i57.3116j1j7&sourceid=chrome&ie=UTF-8
156,https://www.google.com/search?q=script&oq=script&aqs=chrome..69i57j0l5.1983j0j7&sourceid=chrome&ie=UTF-8
157,https://www.google.com/search?q=script&sxsrf=ACYBGNS_hE8GiStuy63NrjTgxVJWZrttHg:1574174485936&source=lnms&tbm=isch&sa=X&ved=0ahUKEwiVxrH4wPblAhWizoUKHbFBCCIQ_AUIEigB&biw=1463&bih=713&dpr=1.75
130,https://www.google.com/search?q=this+scope+in+javascript&oq=this+scope&aqs=chrome.1.69i57j0l3j69i60l2.3786j0j7&sourceid=chrome&ie=UTF-8
162,https://www.google.com/search?q=v&oq=v&aqs=chrome..69i57j0l2j69i60l3.385j0j4&sourceid=chrome&ie=UTF-8
163,https://www.google.com/search?q=wait+js&oq=wait+js&aqs=chrome..69i57j0l5.1289j0j7&sourceid=chrome&ie=UTF-8
189,https://www.google.com/search?q=weight+elephant&oq=wheight+elef&aqs=chrome.1.69i57j0l5.3485j0j9&sourceid=chrome&ie=UTF-8
72,https://www.google.com/search?sxsrf=ACYBGNQC_zuZgE_RDqByM4xfHy9YmflmkQ%3A1574084359615&ei=B5_SXcecJaSYlwSp85yYBg&q=salary+quantum+developper&oq=salary+quantum+developper&gs_l=psy-ab.3..33i21.10343.12043..12223...0.0..0.203.744.9j0j1......0....1..gws-wiz.......0i22i30j0i8i13i30j33i160.2i6UMppZSOc&ved=0ahUKEwiHvOeY8fPlAhUkzIUKHak5B2MQ4dUDCAs&uact=5
148,https://www.google.com/search?sxsrf=ACYBGNQEM0kk1shjeMe7OJhn5ONi7_TDaw%3A1574170279809&ei=p-7TXaWNMYG-aY6Im7gG&q=chameau&oq=chameau&gs_l=psy-ab.3..0l10.5203.9975..10414...5.1..0.81.575.11......0....1..gws-wiz.....0..0i71j0i67j0i273j0i10.VOjkE8MbhiY&ved=0ahUKEwjl_N-isfblAhUBXxoKHQ7EBmcQ4dUDCAs&uact=5
126,https://www.google.com/search?sxsrf=ACYBGNQfYwE1W-uEZUSG9MRkt2e8WNmpPA%3A1574161227947&ei=S8vTXaK5Oe-RlwTBgIewCw&q=js+sync&oq=js+sync&gs_l=psy-ab.3..0i67j0j0i67j0l7.7628.8293..9342...0.2..0.62.302.7......0....1..gws-wiz.......0i71.QTUl5oajo8A&ved=0ahUKEwjiir7Gj_blAhXvyIUKHUHAAbYQ4dUDCAs&uact=5
27,https://www.google.com/search?sxsrf=ACYBGNQpMFib4ONkFsqaYgCorbCIkBnscQ%3A1574083905583&ei=QZ3SXY6iI6qKlwTi0ZeoCQ&q=pixel++gif&oq=pixel++gif&gs_l=psy-ab.3..0i273j0l9.1253.1909..1994...0.3..0.55.194.4......0....1..gws-wiz.......0i71j0i67.7NF6TBHJDNE&ved=0ahUKEwjOxqfA7_PlAhUqxYUKHeLoBZUQ4dUDCAs&uact=5
190,https://www.google.com/search?sxsrf=ACYBGNQrAhTjXqO5Nmd2Ro61DdyRZGvjYQ%3A1574350247038&ei=p63WXbvyAaG5gweRvoLABw&q=wheight+banana&oq=wheight+banana&gs_l=psy-ab.3..0i13l2j0i22i30l8.40447.42442..42575...0.1..0.104.1089.13j1......0....1..gws-wiz.......0i71j0i67j0j0i273j0i10j0i13i10.WBtt6Rkb8cQ&ved=0ahUKEwj74efZz_vlAhWh3OAKHRGfAHgQ4dUDCAs&uact=5
28,https://www.google.com/search?sxsrf=ACYBGNRZk6OsIFetBT0QY-jXdXFyRLLcxA%3A1574083908568&ei=RJ3SXYisIoOOlwTp_KKgAQ&q=pixel+background+gif&oq=pixel+background+gif&gs_l=psy-ab.3..0i7i30l3j0i8i7i30j0i30l3j0i5i30l3.1777.3463..4186...0.2..0.58.493.10......0....1..gws-wiz.......0i71j0i7i10i30j0i13.hNDUQmR0KJo&ved=0ahUKEwiI3t3B7_PlAhUDx4UKHWm-CBQQ4dUDCAs&uact=5
105,https://www.google.com/search?sxsrf=ACYBGNRrUdObTCThn6aMBl9hgYQZFjSnPA%3A1574091303193&ei=J7rSXai7C7HDlwTbt5bIAQ&q=bind+js&oq=bind+js&gs_l=psy-ab.3..0l10.9621.11325..11456...0.3..0.55.361.8......0....1..gws-wiz.....0..0i71j0i273j0i67.owzF62IJgb4&ved=0ahUKEwjo6uGHi_TlAhWx4YUKHdubBRkQ4dUDCAs&uact=5
103,https://www.google.com/search?sxsrf=ACYBGNRrUdObTCThn6aMBl9hgYQZFjSnPA%3A1574091303193&ei=J7rSXai7C7HDlwTbt5bIAQ&q=js+prototype&oq=js+proto&gs_l=psy-ab.3.0.0i273j0j0i67j0l7.2930.4430..5933...0.1..0.68.429.8......0....1..gws-wiz.......0i71j0i10.cqekNiMg8M0
98,https://www.google.com/search?sxsrf=ACYBGNS8-McbUpLggl5_7tKlIUhVcZnUjQ%3A1574087413886&ei=9arSXYbWNaq_lwTi6KKoCw&q=eventlistener+scope+proto&oq=eventlistener+scope+proto&gs_l=psy-ab.3..33i21j33i160.2480.24043..24546...1.1..0.86.1550.36......0....1..gws-wiz.....0..0i71j0i273j0j0i67j0i10j0i22i10i30j0i13i5i30j0i13i5i10i30j0i8i13i30.lolZIicM1v8&ved=0ahUKEwjGpJnJ_PPlAhWq34UKHWK0CLUQ4dUDCAs&uact=5
84,https://www.google.com/search?sxsrf=ACYBGNS8-McbUpLggl5_7tKlIUhVcZnUjQ%3A1574087413886&ei=9arSXYbWNaq_lwTi6KKoCw&q=keyDownHandler+js&oq=keyDownHandler+js&gs_l=psy-ab.3..0i8i10i30.6525.6701..7272...0.2..0.51.100.2......0....1..gws-wiz.......0i71.sshwWRAAZ8M&ved=0ahUKEwjGpJnJ_PPlAhWq34UKHWK0CLUQ4dUDCAs&uact=5
186,https://www.google.com/search?sxsrf=ACYBGNSL0DQCG6lNO-p_nC628j05PglloQ%3A1574350193800&ei=ca3WXei9MIqdjLsPjNip4Ao&q=atlas+stone+lift&oq=atlas+stone+lift&gs_l=psy-ab.3..0l6j0i22i30l4.5034.8064..8171...0.1..0.112.1122.15j1......0....1..gws-wiz.......0i71j0i67j0i273j0i10.XHyXccSk5fA&ved=0ahUKEwiourbAz_vlAhWKDmMBHQxsCqwQ4dUDCAs&uact=5
100,https://www.google.com/search?sxsrf=ACYBGNSa42OfCb1-NnMsydzqNg5COJeD5A%3A1574091828696&ei=NLzSXfSbKtDBlwT6-azoAw&q=addeventlistener+global+js&oq=addeventlistener+global+js&gs_l=psy-ab.3..0i22i30.1453.1846..1928...0.3..0.55.108.2......0....1..gws-wiz.......0i71j0.4kJvZDDx7XE&ved=0ahUKEwj0hayCjfTlAhXQ4IUKHfo8Cz0Q4dUDCAs&uact=5
173,https://www.google.com/search?sxsrf=ACYBGNTOhuIwFWPwVyJ0UQRTO0XkDiwRVQ%3A1574346012139&ei=HJ3WXZiECIasUsunl8gH&q=praise+gaben&oq=praise+gaben&gs_l=psy-ab.3..0i7i30j0j0i30.7126.8181..8324...0.0..0.99.535.7......0....1..gws-wiz.......0i13j0i13i10j0i8i7i30j0i7i10i30j0i13i30j0i10.4RbxbtjUQu4&ved=0ahUKEwiYgrr2v_vlAhUGlhQKHcvTBXkQ4dUDCAs&uact=5
109,https://www.google.com/search?sxsrf=ACYBGNTiT9YvwOJZegNTNySB-zQxudiZ8g%3A1574087411149&ei=86rSXaTRCJGsacTNoagF&q=event+listener+scope&oq=event+listener+scope&gs_l=psy-ab.3..0i22i30l3j0i22i10i30j0i22i30l2j0i22i10i30.4665.7998..8165...0.1..0.62.955.20......0....1..gws-wiz.......0i71j0i67j0i273j0j0i8i13i30.neyPp8U79JM&ved=0ahUKEwjklvLH_PPlAhURVhoKHcRmCFUQ4dUDCAs&uact=5
83,https://www.google.com/search?sxsrf=ACYBGNTiT9YvwOJZegNTNySB-zQxudiZ8g%3A1574087411149&ei=86rSXaTRCJGsacTNoagF&q=keyDownHandler+e+js&oq=keyDownHandler+e+js&gs_l=psy-ab.3..33i160.1113.1653..1878...0.2..0.87.193.3......0....1..gws-wiz.......0i71j0i22i30.-L3_i2NHcT0&ved=0ahUKEwjklvLH_PPlAhURVhoKHcRmCFUQ4dUDCAs&uact=5
20,https://www.google.com/url?q=https://tribe.adatechschool.fr/u/password-reset/24086926b659664f435008d51b3b37fe&source=gmail&ust=1574164458456000&usg=AFQjCNEBhz14pBN8N0eyQ8s6wXTkfDGw3A
53,https://www.google.com/url?sa=i&source=images&cd=&ved=2ahUKEwich4_87_PlAhVByYUKHfxrDtEQjRx6BAgBEAQ&url=https%3A%2F%2Fwallpaperaccess.com%2F12k&psig=AOvVaw0AO4hWzNO2o7qnwAfefj2Q&ust=1574170429925589
115,https://www.hongkiat.com/blog/synchronous-asynchronous-javascript/
134,https://www.meme-arsenal.com/memes/aed7224cfcf309c4ac22d9bc333f3d79.jpg
73,https://www.payscale.com/research/US/Employer=Quantum_Technology/Salary
88,https://www.sitepoint.com/community/t/javascript-event-listener-scope/243420
90,https://www.sitepoint.com/community/t/javascript-event-listener-scope/243420/2
91,https://www.sitepoint.com/community/t/javascript-event-listener-scope/243420/3
89,https://www.sitepoint.com/t/javascript-event-listener-scope/243420
66,https://www.techrepublic.com/article/with-salaries-flattening-and-competition-rising-should-you-still-become-a-data-scientist/
77,https://www.w3schools.com/js/js_htmldom_eventlistener.asp
104,https://www.w3schools.com/js/js_object_prototypes.asp
123,https://www.w3schools.com/js/js_operators.asp
166,https://www.w3schools.com/jsref/jsref_break.asp
135,https://www.youtube.com/
111,https://www.youtube.com/channel/UCR9s0HilM1mmrYwcBqhqGSQ
152,https://www.youtube.com/results?search_query=anakin+kills+younglings
179,https://www.youtube.com/results?search_query=baby+yoda
168,https://www.youtube.com/results?search_query=brave+wilderness
136,https://www.youtube.com/results?search_query=partition+beyonce
174,https://www.youtube.com/results?search_query=taking+the+hobbits+to+isengard
169,https://www.youtube.com/user/BreakingTrail
182,https://www.youtube.com/watch?v=HwCLHZRY0mU
180,https://www.youtube.com/watch?v=Od9ftps3sJQ
153,https://www.youtube.com/watch?v=d0gENCibZ6I
183,https://www.youtube.com/watch?v=eD-epPwORdc
181,https://www.youtube.com/watch?v=i9L1yJgSlk8
184,https://www.youtube.com/watch?v=jBHpsuSyNP4
137,https://www.youtube.com/watch?v=pZ12_E5R3qc
175,https://www.youtube.com/watch?v=uE-1RPDqJAY
